Distance (s),Height (h)
0.0,866.0791137870835
115.63853909846587,881.1760679899506
231.27707819693174,900.692672125105
346.91561729539757,919.3109471491118
462.5541563938635,934.1444244404635
578.1926954923293,946.7703350055515
693.8312345907951,959.1763228974685
809.469773689261,972.085616466365
925.108312787727,985.3223732584352
1040.7468518861929,998.7305234711483
1156.3853909846587,1012.3999571664277
1272.0239300831245,1026.501409644622
1387.6624691815903,1041.1298728766253
1503.3010082800563,1056.2346830344654
1618.939547378522,1071.767528629201
1734.578086476988,1087.6602542116184
1850.216625575454,1103.8199489466529
1965.8551646739197,1120.1333345477528
2081.4937037723857,1136.391399811409
2197.1322428708518,1152.3193617805316
2312.7707819693173,1167.5731308944705
2428.409321067783,1181.7284822043143
2544.047860166249,1194.3578636947211
2659.686399264715,1205.0958292759708
2775.3249383631805,1213.6812182989631
2890.9634774616466,1220.001858019065
3006.6020165601126,1224.0621008397097
3122.2405556585786,1225.9344041531494
3237.879094757044,1225.8011165011328
3353.5176338555098,1223.9079931548706
3469.156172953976,1220.4882971477696
3584.794712052442,1215.791760245744
3700.433251150908,1210.065688278511
3816.0717902493734,1203.5420966418774
3931.7103293478394,1196.4466003727568
4047.3488684463055,1188.9754132281953
4162.9874075447715,1181.3039889233492
4278.6259466432375,1173.5727193099563
4394.2644857417035,1165.898198510716
4509.903024840169,1158.3988618458982
4625.541563938635,1151.1919342101585
4741.1801030371,1144.3746123654694
4856.818642135566,1138.0174772425064
4972.457181234032,1132.1917212590365
5088.095720332498,1126.9829633323225
5203.734259430964,1122.4829909168302
5319.37279852943,1118.7805082582997
5435.011337627896,1115.9259850999058
5550.649876726361,1113.944673281539
5666.288415824827,1112.8609726757843
5781.926954923293,1112.7001314496454
5897.565494021759,1113.484343595992
6013.204033120225,1115.2233640750085
6128.842572218691,1117.8861049424142
6244.481111317157,1121.4208328755358
6360.119650415623,1125.7954078949447
6475.758189514088,1130.9842784161049
6591.3967286125535,1136.9437646306985
6707.0352677110195,1143.6107707360263
6822.6738068094855,1150.8873549043362
6938.312345907952,1158.6414382951234
7053.950885006418,1166.7361495061855
7169.589424104884,1175.0198338807138
7285.22796320335,1183.32156962276
7400.866502301816,1191.4594321270865
7516.505041400281,1199.2606660466222
7632.143580498747,1206.5877500727863
7747.782119597212,1213.3336305468847
7863.420658695679,1219.4166429402499
7979.059197794144,1224.7974226669483
8094.697736892611,1229.4683642141938
8210.336275991076,1233.4549220151434
8325.974815089543,1236.8169667399106
8441.613354188008,1239.6266145625814
8557.251893286475,1241.953010311386
8672.89043238494,1243.8865735125216
8788.528971483407,1245.5482177152962
8904.167510581872,1247.0907210938944
9019.806049680337,1248.66642605602
9135.444588778802,1250.4087932802322
9251.08312787727,1252.4326609537195
9366.721666975734,1254.8418130527493
9482.3602060742,1257.7356912965106
9597.998745172667,1261.1929701913537
9713.637284271132,1265.2513680298775
9829.275823369599,1269.8944036579987
9944.914362468064,1275.0917154320819
10060.55290156653,1280.8099901686871
10176.191440664996,1287.0428945082413
10291.829979763463,1293.7981666788974
10407.468518861928,1301.0591003557927
10523.107057960395,1308.793352546318
10638.74559705886,1316.9818664410304
10754.384136157327,1325.6270852179491
10870.022675255792,1334.7285117796869
10985.661214354257,1344.292296731384
11101.299753452722,1354.3451409182992
11216.938292551187,1364.916562151601
11332.576831649654,1376.05452919656
11448.21537074812,1387.8335294497147
11563.853909846586,1400.3119708912711
11679.492448945051,1413.4851304965168
11795.130988043518,1427.3320340923544
11910.769527141983,1441.7929537999817
12026.40806624045,1456.7581865353618
12142.046605338915,1472.1208424808763
12257.685144437382,1487.7344174364107
12373.323683535848,1503.4419251030247
12488.962222634314,1519.0950671796882
12604.60076173278,1534.5361776684504
12720.239300831247,1549.5769380207958
12835.877839929712,1564.013034810338
12951.516379028177,1577.6344395018396
13067.154918126642,1590.2417953626834
13182.793457225107,1601.7126090643162
13298.431996323574,1611.9706245526959
13414.070535422039,1620.969146424847
13529.709074520506,1628.7179222348013
13645.347613618971,1635.2684557761681
13760.986152717438,1640.7519196830606
13876.624691815903,1645.387270211311
13992.26323091437,1649.4289882714972
14107.901770012835,1653.1481913920911
14223.540309111302,1656.8381085934984
14339.178848209767,1660.8058932922274
14454.817387308234,1665.361027902305
14570.4559264067,1670.7684079345938
14686.094465505166,1677.1998096742143
14801.733004603631,1684.7055021019244
14917.371543702096,1693.1831401364027
15033.010082800562,1702.466662849607
15148.648621899027,1712.3900411185482
15264.287160997494,1722.8012458526284
15379.92570009596,1733.6258314947893
15495.564239194424,1744.9286207323398
15611.20277829289,1756.8466329467035
15726.841317391358,1769.5625033722795
15842.479856489825,1783.310664336385
15958.118395588288,1798.182842403929
16073.756934686755,1814.1620348475233
16189.395473785222,1831.168102561643
16305.034012883689,1848.9664863945204
16420.672551982152,1867.2308508113035
16536.311091080617,1885.604731778278
16651.949630179086,1903.7464182292122
16767.588169277547,1921.3974217177729
16883.226708376016,1938.4533218557767
16998.86524747448,1954.9328601439215
17114.50378657295,1970.9638096279443
17230.14232567141,1986.7407919831799
17345.78086476988,2002.4572847040256
17461.419403868345,2018.3019454624618
17577.057942966814,2034.422085368681
17692.696482065276,2050.876402242117
17808.335021163744,2067.570871851342
17923.97356026221,2084.300439968005
18039.612099360675,2100.8047844827897
18155.25063845914,2116.7941979713087
18270.889177557605,2131.941905761445
18386.527716656074,2145.927835719231
18502.16625575454,2158.4553961127285
18617.804794853004,2169.2554329156046
18733.44333395147,2178.167131588878
18849.081873049938,2185.1325601804756
18964.7204121484,2190.169831189946
19080.358951246868,2193.3569209578004
19195.997490345333,2194.8153801010594
19311.6360294438,2194.706069300932
19427.274568542263,2193.2274444143445
19542.913107640732,2190.5924328213305
19658.551646739197,2187.0114709065024
19774.190185837666,2182.681218639637
19889.828724936127,2177.791602149281
20005.467264034596,2172.532711855979
20121.10580313306,2167.0750851638204
20236.744342231526,2161.5470639434348
20352.38288132999,2156.039663779229
20468.021420428457,2150.611734294173
20583.659959526925,2145.260154559017
20699.298498625387,2139.9179134745314
20814.937037723856,2134.438310360798
20930.57557682232,2128.529603568024
21046.21411592079,2121.844543142407
21161.85265501925,2113.976026787273
21277.49119411772,2104.443443980348
21393.129733216185,2092.7369168917107
21508.768272314654,2078.284408323178
21624.406811413115,2060.518631480808
21740.045350511584,2038.9295724166109
21855.68388961005,2013.115589041958
21971.322428708514,1982.7941347244462
22086.96096780698,1947.841239902872
22202.599506905444,1908.2696855300758
22318.238046003913,1864.2386153373068
22433.876585102375,1816.1166112182814
22549.515124200843,1764.4363293084357
22665.15366329931,1709.813608006992
22780.792202397777,1652.8803581213917
22896.43074149624,1594.280700046507
23012.069280594707,1534.6278458990657
23127.707819693172,1474.4497581869853
23243.34635879164,1414.2015020689864
23358.984897890103,1354.252341912263
23474.62343698857,1294.8567613260714
23590.261976087037,1236.1871127485883
23705.900515185505,1178.410894431543
23821.539054283967,1121.6657110170445
23937.177593382436,1066.08774103751
24052.8161324809,1011.8602931492611
24168.454671579362,959.1718593883882
24284.09321067783,908.2604735966053
24399.731749776296,859.3892915581794
24515.370288874765,812.8171562199408
24631.008827973226,768.7974634061845
24746.647367071695,727.6208016382609
24862.28590617016,689.5668287218065
24977.92444526863,654.8677632041506
25093.56298436709,623.7350303769872
25209.20152346556,596.2173141577925
25324.840062564024,572.2042479026629
25440.478601662493,551.4844217441379
25556.117140760954,533.6741972464687
25671.755679859423,518.2770721193366
25787.39421895789,504.7025169357267
25903.032758056353,492.29212674806706
26018.67129715482,480.3938592908517
26134.309836253284,468.46197401562125
26249.948375351752,456.0870752777002
26365.586914450214,442.9931784714191
26481.225453548683,429.1055638109927
26596.863992647148,414.4873174026247
26712.502531745617,399.33272494171086
26828.141070844078,383.9343731056197
26943.779609942547,368.5976323842463
27059.418149041012,353.53137641500746
27175.05668813948,338.817131963886
27290.695227237942,324.4526403723173
27406.33376633641,310.31290572998165
27521.972305434876,296.2282156951889
27637.610844533345,282.07835125538435
27753.249383631806,267.7923566592836
27868.887922730275,253.33095095938035
27984.52646182874,238.76420235331105
28100.165000927205,224.22045790284702
28215.80354002567,209.78092167625317
28331.442079124135,195.52506797951253
28447.080618222604,181.500782060028
28562.719157321066,167.69923050574573
28678.357696419534,154.09347453527295
28793.996235518,140.62562255088125
28909.63477461647,127.16740493793246
29025.27331371493,113.5690455504066
29140.9118528134,99.68319466042843
29256.550391911864,85.241136689721
29372.188931010332,70.00212605195986
29487.827470108794,53.67483414656218
29603.466009207263,35.90178903285726
29719.104548305728,16.404064157360153
29834.743087404193,-5.023269191155118
29950.381626502658,-28.50650285584655
30066.020165601123,-54.111500329541215
30181.65870469959,-81.71938309412212
30297.297243798053,-111.23236513094832
30412.935782896522,-142.56518708782272
30528.574321994987,-175.5049607224481
30644.212861093456,-209.78794861795768
30759.85140019192,-245.2942800617974
30875.48993929039,-281.8956798409692
30991.128478388848,-319.2769822919801
31106.767017487316,-357.26230418151124
31222.40555658578,-395.70691185435993
31338.04409568425,-434.3927254099373
31453.682634782715,-473.1636397048268
31569.321173881184,-511.9397129024176
31684.95971297965,-550.7266530790168
31800.59825207811,-589.5291266681639
31916.236791176576,-628.372300400659
32031.875330275045,-667.334057476735
32147.51386937351,-706.5059252819627
32263.152408471975,-745.9470966726902
32378.790947570444,-785.6816869384414
32494.42948666891,-825.753366419018
32610.068025767378,-866.1838998981982
32725.706564865835,-906.9584922411095
32841.345103964304,-948.06625267456
32956.98364306277,-989.501682487936
33072.622182161234,-1031.2676046744982
33188.26072125971,-1073.3841460825524
33303.89926035817,-1115.9062286401895
33419.53779945664,-1158.8966752850222
33535.176338555095,-1202.4368254746958
33650.81487765357,-1246.6166756079047
33766.45341675203,-1291.4959734276863
33882.0919558505,-1337.1009549711875
33997.73049494896,-1383.4094332440918
34113.36903404743,-1430.2905423178452
34229.0075731459,-1477.4285934219056
34344.646112244365,-1524.4450259395514
34460.28465134282,-1570.775554310599
34575.92319044129,-1615.6888877510087
34691.56172953976,-1658.4561678208004
34807.200268638226,-1698.3835011462081
34922.83880773669,-1734.8273056293929
35038.477346835156,-1767.3500752693876
35154.11588593363,-1795.956620615479
35269.754425032086,-1820.7727265740525
35385.39296413055,-1842.2526501142427
35501.03150322902,-1861.1792399918631
35616.67004232749,-1878.3262841215071
35732.308581425954,-1894.4037644762689
35847.94712052442,-1910.0974112293497
35963.585659622884,-1925.891859361461
36079.22419872135,-1941.8114643662082
36194.862737819814,-1957.7393868300717
36310.50127691828,-1973.3150968525977
36426.139816016745,-1987.9265821221968
36541.77835511521,-2000.889044323654
36657.41689421368,-2011.4593261179436
36773.05543331215,-2019.0752191328259
36888.69397241061,-2023.3073752453524
37004.33251150908,-2023.8717114696024
37119.97105060754,-2020.8212907412376
37235.60958970601,-2014.5034997701819
37351.24812880447,-2005.4537400223644
37466.88666790294,-1994.3406693012378
37582.52520700141,-1981.936766417682
37698.163746099875,-1969.0194015599368
37813.80228519834,-1956.2312752810305
37929.4408242968,-1944.0608423669864
38045.07936339527,-1932.9109477205873
38160.717902493736,-1923.090736426412
38276.3564415922,-1914.8278343626118
38391.994980690666,-1908.3504356404617
38507.63351978913,-1903.8558634842461
38623.2720588876,-1901.5346892669024
38738.91059798607,-1901.5313188904854
38854.54913708453,-1903.8347553087328
38970.18767618299,-1908.383918647645
39085.826215281464,-1915.007892273874
39201.46475437993,-1923.4096406977114
39317.103293478394,-1933.2478767426494
39432.74183257686,-1944.1550965506472
39548.38037167533,-1955.7439063660358
39664.01891077379,-1967.6461179155879
39779.657449872255,-1979.5909485714221
39895.29598897072,-1991.3308337078518
40010.93452806919,-2002.6752671007878
40126.57306716766,-2013.5059660118436
40242.21160626612,-2023.719567216325
40357.85014536459,-2033.2470229815528
40473.48868446305,-2042.0389602083033
40589.12722356152,-2050.052579791641
40704.76576265998,-2057.2405265560924
40820.40430175845,-2063.5697849894773
40936.04284085691,-2069.0159814571534
41051.681379955386,-2073.5599605920547
41167.31991905385,-2077.2013955542857
41282.958458152316,-2079.932809519211
41398.596997250774,-2081.7568682991923
41514.235536349246,-2082.7010245261017
41629.87407544771,-2082.8152780189084
41745.512614546176,-2082.1587082741157
41861.15115364464,-2080.827891613475
41976.78969274311,-2078.963889510964
42092.42823184158,-2076.707515714243
42208.066770940044,-2074.275991742136
42323.7053100385,-2071.919095551549
42439.34384913697,-2069.87151149755
42554.98238823544,-2068.36277658836
42670.620927333905,-2067.6055078543723
42786.25946643237,-2067.733864808812
42901.898005530835,-2068.795212059552
43017.53654462931,-2070.8053441572483
43133.175083727765,-2073.629842727243
43248.81362282623,-2077.0539206743942
43364.452161924695,-2080.8579128293327
43480.09070102317,-2084.7808358876205
43595.72924012163,-2088.5912581236767
43711.3677792201,-2092.1444204724426
43827.00631831856,-2095.389351104132
43942.64485741703,-2098.3465753491264
44058.28339651549,-2101.0973921635214
44173.92193561396,-2103.763648462114
44289.56047471242,-2106.4737313899614
44405.19901381089,-2109.2864509563415
44520.83755290936,-2112.2153488267422
44636.476092007826,-2115.261106808384
44752.11463110629,-2118.39178943202
44867.75317020475,-2121.573934444833
44983.39170930322,-2124.790834787699
45099.03024840169,-2128.044068775998
45214.66878750015,-2131.345313918794
45330.30732659862,-2134.7057522484247
45445.94586569709,-2138.1140183509474
45561.584404795554,-2141.5261626247807
45677.22294389402,-2144.8705196525216
45792.86148299248,-2148.0581452925953
45908.50002209095,-2151.0067434583575
46024.138561189415,-2153.6444661693567
46139.77710028788,-2155.911535992
46255.415639386345,-2157.7680365403603
46371.05417848481,-2159.193599211606
46486.69271758328,-2160.192946966499
46602.33125668174,-2160.80525408232
46717.969795780205,-2161.0870386957995
46833.60833487867,-2161.106615923825
46949.24687397714,-2160.934729392628
47064.88541307561,-2160.6402770762243
47180.52395217407,-2160.288708741118
47296.16249127254,-2159.9334161695974
47411.80103037101,-2159.59992453012
47527.43956946947,-2159.277014988021
47643.078108567934,-2158.931605036458
47758.7166476664,-2158.4944880278304
47874.35518676487,-2157.8789312049594
47989.993725863336,-2156.9944830884974
48105.6322649618,-2155.7360054850747
48221.27080406027,-2154.004606539749
48336.909343158724,-2151.7231939070302
48452.5478822572,-2148.836993032555
48568.18642135566,-2145.304867787362
48683.82496045413,-2141.1150961180215
48799.46349955259,-2136.2749185871576
48915.102038651065,-2130.7911865712076
49030.74057774953,-2124.68120706117
49146.379116847995,-2117.945275920754
49262.01765594645,-2110.547273321356
49377.656195044925,-2102.402042617303
49493.29473414339,-2093.3984091203574
49608.933273241855,-2083.384778561147
49724.57181234032,-2072.170734240525
49840.21035143879,-2059.554862444097
49955.84889053726,-2045.3067590012508
50071.487429635716,-2029.1977323494266
50187.12596873418,-2011.0266000259041
50302.764507832646,-1990.6309690518324
50418.40304693112,-1967.8796130799485
50534.04158602958,-1942.6903790157473
50649.68012512805,-1915.0199803431065
50765.318664226514,-1884.851370444482
50880.957203324986,-1852.2383280451522
50996.595742423444,-1817.25076002934
51112.23428152191,-1779.962660816867
51227.872820620374,-1740.4646100799582
51343.51135971885,-1698.8123670173532
51459.14989881731,-1655.0644014851125
51574.78843791578,-1609.2763666563596
51690.42697701424,-1561.4880707983177
51806.06551611271,-1511.7563678215608
51921.70405521117,-1460.1374440284533
52037.34259430964,-1406.7123311019932
52152.9811334081,-1351.6136659017022
52268.61967250657,-1294.9915308853183
52384.25821160504,-1237.0296237651517
52499.896750703505,-1177.9490423489253
52615.53528980197,-1117.984937143866
52731.17382890043,-1057.4002642085718
52846.8123679989,-996.4631928285327
52962.450907097365,-935.4364976603715
53078.08944619583,-874.5746677274292
53193.727985294296,-814.1276127901924
53309.36652439277,-754.3534906424368
53425.00506349123,-695.5226651096334
53540.6436025897,-637.9090144790582
53656.282141688156,-581.80158405874
53771.92068078663,-527.5195088389783
53887.55921988509,-475.4152921528273
54003.19775898356,-425.87429608147414
54118.836298082024,-379.2930055392184
54234.47483718049,-336.02437942185287
54350.11337627896,-296.36852588954736
54465.75191537742,-260.5803319194275
54581.390454475884,-228.80833936807016
54697.02899357435,-201.14661650619055
54812.66753267282,-177.60019519390278
54928.30607177129,-158.030248096323
55043.94461086975,-142.27201038091388
55159.58314996822,-130.08496394979952
55275.22168906669,-121.18295666638055
55390.86022816515,-115.30681729117839
55506.49876726361,-112.1507111485721
55622.13730636208,-111.4241170590301
55737.77584546055,-112.86204956163712
55853.414384559015,-116.21005677637035
55969.05292365748,-121.2508670218368
56084.691462755945,-127.76034501427262
56200.33000185441,-135.50597030501368
56315.968540952876,-144.26703982729907
56431.60708005134,-153.77871519638313
56547.245619149806,-163.75378361026347
56662.88415824827,-173.9110740895767
56778.52269734674,-183.93897553859227
56894.16123644521,-193.50878777458257
57009.79977554367,-202.4142100513935
57125.43831464213,-210.52565945911078
57241.076853740604,-217.7172046905595
57356.71539283907,-224.13847063647722
57472.353931937534,-230.0235422680458
57587.992471036,-235.6621750559124
57703.63101013447,-241.568080727169
57819.26954923294,-248.26653639427388
57934.908088331395,-256.15177360998683
58050.54662742986,-265.5255546285352
58166.185166528325,-276.6408762913289
58281.8237056268,-289.4213477825368
58397.46224472526,-303.66384998046044
58513.10078382373,-319.10605866572064
58628.73932292219,-335.30124076627084
58744.377862020665,-351.768315029921
58860.01640111912,-368.13793967929905
58975.65494021759,-384.1353623407072
59091.29347931605,-399.4888227123935
59206.932018414525,-414.0984322409602
59322.57055751299,-427.9054921333484
59438.209096611456,-440.8403805164107
59553.84763570992,-452.90758178735695
59669.486174808386,-464.12453560965696
59785.12471390685,-474.4960181228769
59900.763253005316,-484.0493723590027
60016.40179210378,-492.87196251044423
60132.040331202246,-501.09610198761254
60247.67887030072,-508.94330317257993
60363.31740939918,-516.7216380765805
60478.95594849764,-524.7946456653789
60594.59448759611,-533.6037860466439
60710.23302669458,-543.6083686240175
60825.871565793044,-555.2538156432083
60941.51010489151,-568.9784769948221
61057.148643989975,-585.0780909670808
61172.78718308845,-603.755698712573
61288.42572218691,-625.1090106866792
61404.06426128538,-649.0152166570913
61519.70280038384,-675.22324195585
61635.34133948231,-703.3038034259206
61750.97987858078,-732.6488568447403
61866.61841767923,-762.558657677068
61982.256956777695,-792.2664333346859
62097.89549587617,-820.9854192930497
62213.53403497463,-847.9469047707989
62329.1725740731,-872.4597251265637
62444.81111317156,-893.9229914125219
62560.44965227003,-911.9096796692248
62676.0881913685,-926.1884556727485
62791.726730466966,-936.639342411654
62907.36526956543,-943.2954443627061
63023.003808663896,-946.3530526915254
63138.64234776237,-946.0775218436225
63254.28088686083,-942.7917195472443
63369.9194259593,-936.9440187474187
63485.557965057764,-929.0242366667503
63601.19650415622,-919.5195244745081
63716.83504325469,-908.9534706627381
63832.47358235315,-897.876691845163
63948.11212145162,-886.8883597616746
64063.75066055009,-876.595231355693
64179.389199648554,-867.5705994387204
64295.02773874702,-860.439420243622
64410.666277845485,-855.8202312829114
64526.30481694395,-854.2645378883145
64641.94335604242,-856.2882602094659
64757.58189514089,-862.3143736312684
64873.22043423935,-872.6796292753293
64988.85897333782,-887.597775766397
65104.49751243629,-907.1421128106567
65220.136051534755,-931.2704798161162
65335.774590633206,-959.829512395367
65451.41312973167,-992.5649548149036
65567.05166883014,-1029.1045577719165
65682.69020792861,-1069.0325168238821
65798.32874702707,-1111.9034227703467
65913.96728612554,-1157.1541267277012
66029.605825224,-1204.1486087507342
66145.24436432247,-1252.2391678859412
66260.88290342093,-1300.7231712726993
66376.52144251941,-1348.869387367916
66492.15998161788,-1395.9800285899719
66607.79852071634,-1441.3989050330892
66723.43705981481,-1484.537418791853
66839.07559891327,-1524.9206277709711
66954.71413801174,-1562.2479168127297
67070.35267711019,-1596.3907266606566
67185.99121620865,-1627.3526949638915
67301.62975530713,-1655.2672120919065
67417.2682944056,-1680.391576867407
67532.90683350406,-1703.042653125421
67648.54537260253,-1723.5597184068843
67764.183911701,-1742.2959532963098
67879.82245079946,-1759.5618721108906
67995.46098989793,-1775.6124041832657
68111.09952899639,-1790.6568607648767
68226.73806809486,-1804.8613254721288
68342.37660719334,-1818.341427370271
68458.0151462918,-1831.1765566020035
68573.65368539027,-1843.41543921038
68689.29222448873,-1855.0797926537564
68804.93076358718,-1866.1794912932328
68920.56930268565,-1876.6994259587213
69036.20784178411,-1886.614289386261
69151.84638088258,-1895.8894574545145
69267.48491998106,-1904.4801775192502
69383.12345907952,-1912.3531623747572
69498.76199817799,-1919.4886215828108
69614.40053727645,-1925.8808201504871
69730.03907637492,-1931.5431667192934
69845.67761547338,-1936.5273527058362
69961.31615457185,-1940.935721913337
70076.95469367031,-1944.9031091302827
70192.59323276878,-1948.5943019012375
70308.23177186726,-1952.2187138640177
70423.87031096572,-1956.0025113568881
70539.50885006417,-1960.1663059481182
70655.14738916264,-1964.9159614107305
70770.7859282611,-1970.4418033307104
70886.42446735957,-1976.838136516721
71002.06300645803,-1984.0493815978928
71117.7015455565,-1991.9725361121361
71233.34008465498,-2000.3006186339353
71348.97862375344,-2008.5772594501368
71464.61716285191,-2016.320934214749
71580.25570195037,-2023.0161065265347
71695.89424104884,-2028.1190086284396
71811.5327801473,-2031.2239956359979
71927.17131924577,-2032.1898332945452
72042.80985834423,-2030.9131139290091
72158.4483974427,-2027.5549950410934
72274.08693654116,-2022.4820587585264
72389.72547563963,-2016.0905763819922
72505.3640147381,-2008.802940483087
72621.00255383656,-2001.0879407176988
72736.64109293502,-1993.365451199133
72852.27963203349,-1985.9290999531509
72967.91817113195,-1979.089699542383
73083.55671023042,-1973.0719478265378
73199.1952493289,-1968.0286074099495
73314.83378842736,-1964.0893806035601
73430.47232752583,-1961.3207026337996
73546.1108666243,-1959.7276083467284
73661.74940572276,-1959.2638756527308
73777.38794482122,-1959.836059508246
73893.02648391969,-1961.3001458018152
74008.66502301815,-1963.500661561529
74124.30356211662,-1966.273259719349
74239.94210121509,-1969.4492028828956
74355.58064031355,-1972.8946929230628
74471.21917941202,-1976.4656374340998
74586.85771851048,-1980.0153494031297
74702.49625760895,-1983.4376911406175
74818.13479670741,-1986.6216763442576
74933.77333580588,-1989.4814999236062
75049.41187490434,-1991.9787316029435
75165.05041400282,-1994.092186835818
75280.68895310129,-1995.8279209989532
75396.32749219975,-1997.2029779349477
75511.96603129822,-1998.2297742204464
75627.60457039668,-1998.907141140407
75743.24310949515,-1999.2232481895828
75858.8816485936,-1999.1757536836956
75974.52018769206,-1998.7697974367427
76090.15872679054,-1998.0072626905198
76205.797265889,-1996.947472457777
76321.43580498747,-1995.6728730299374
76437.07434408594,-1994.3050467006422
76552.7128831844,-1993.0503052158062
76668.35142228287,-1992.1338068296611
76783.98996138133,-1991.7844457086865
76899.6285004798,-1992.2372778751799
77015.26703957826,-1993.7228793612205
77130.90557867674,-1996.384503166275
77246.5441177752,-2000.3439324706023
77362.18265687367,-2005.6586476635807
77477.82119597214,-2012.2358432434817
77593.45973507059,-2019.9485751402092
77709.09827416905,-2028.570463775427
77824.73681326752,-2037.7742460805405
77940.37535236598,-2047.1994622824564
78056.01389146446,-2056.4624601272603
78171.65243056293,-2065.1647137545015
78287.2909696614,-2072.961114031252
78402.92950875986,-2079.627099887121
78518.56804785832,-2085.0020506391174
78634.20658695679,-2089.029857173956
78749.84512605525,-2091.7584001740424
78865.48366515372,-2093.309456008323
78981.12220425218,-2093.8510213722375
79096.76074335066,-2093.543378719287
79212.39928244913,-2092.583338165081
79328.03782154758,-2091.1576480761073
79443.67636064604,-2089.354025456436
79559.31489974451,-2087.2638027096236
79674.95343884297,-2084.986433436849
79790.59197794144,-2082.5848475975304
79906.2305170399,-2080.0942466630545
80021.86905613838,-2077.52418370963
80137.50759523685,-2074.9759055457293
80253.14613433531,-2072.5604612885772
80368.78467343378,-2070.3170592277474
80484.42321253225,-2068.326524249929
80600.06175163071,-2066.6718747501927
80715.70029072918,-2065.356165688209
80831.33882982764,-2064.2936668853777
80946.9773689261,-2063.3305732667045
81062.61590802457,-2062.2723759231735
81178.25444712304,-2060.8384985355974
81293.8929862215,-2058.6618658834263
81409.53152531997,-2055.4255384391336
81525.17006441843,-2050.871395153506
81640.8086035169,-2044.7614867703194
81756.44714261536,-2036.957299970189
81872.08568171383,-2027.4103594104542
81987.72422081229,-2016.1613399213272
82103.36275991077,-2003.3222331469174
82219.00129900924,-1989.0282116800333
82334.6398381077,-1973.4439280064967
82450.27837720617,-1956.7221395008514
82565.91691630463,-1938.987679505117
82681.5554554031,-1920.3438941292015
82797.19399450155,-1900.885068393221
82912.83253360001,-1880.6876642699474
83028.47107269849,-1859.8092457596479
83144.10961179696,-1838.338363356544
83259.74815089542,-1816.3865881210768
83375.38668999389,-1794.097222692166
83491.02522909235,-1771.6563688036526
83606.66376819082,-1749.259552297976
83722.30230728928,-1727.1049601332843
83837.94084638775,-1705.3756421583143
83953.57938548621,-1684.219580789415
84069.2179245847,-1663.733655001845
84184.85646368316,-1643.9317054448882
84300.49500278162,-1624.739831317582
84416.13354188009,-1606.0056185200124
84531.77208097854,-1587.4843918374743
84647.410620077,-1568.8674030297248
84763.04915917547,-1549.799747313915
84878.68769827393,-1529.8989594826073
84994.32623737241,-1508.7897358284667
85109.96477647088,-1486.158142899978
85225.60331556934,-1461.8004839109012
85341.24185466781,-1435.609845982101
85456.88039376627,-1407.6878039889548
85572.51893286474,-1378.3202043311046
85688.1574719632,-1347.959054632268
85803.79601106167,-1317.2593863488542
85919.43455016013,-1286.9915158892234
86035.07308925861,-1257.9213636154905
86150.71162835708,-1230.7296695667574
86266.35016745553,-1206.0600945841734
86381.988706554,-1184.2551446154976
86497.62724565246,-1165.4328598324694
86613.26578475093,-1149.5344148569138
86728.90432384939,-1136.1742408441203
86844.54286294786,-1124.7761033765366
86960.18140204634,-1114.6693673107743
87075.8199411448,-1105.0894735804184
87191.45848024327,-1095.1660564648248
87307.09701934173,-1084.0918408020011
87422.7355584402,-1071.0572169774107
87538.37409753866,-1055.2903759341948
87654.01263663713,-1036.216883326099
87769.65117573559,-1013.4000549312431
87885.28971483406,-986.5992297293808
88000.92825393252,-955.8120192512089
88116.56679303099,-921.2320571651654
88232.20533212945,-883.2692489512366
88347.84387122792,-842.4882739417945
88463.48241032638,-799.5455090317997
88579.12094942485,-755.1201016492801
88694.75948852331,-709.8589329639528
88810.39802762178,-664.3172418064705
88926.03656672026,-618.9013357834018
89041.67510581872,-573.8807038467162
89157.31364491719,-529.3433829188742
89272.95218401565,-485.2238822273614
89388.59072311412,-441.35945191563206
89504.22926221258,-397.52369529141515
89619.86780131105,-353.4551110959714
89735.5063404095,-308.8991672920674
89851.14487950798,-263.6477869045088
89966.78341860644,-217.56972254312558
90082.42195770491,-170.64232354462416
90198.06049680337,-122.93764781240957
90313.69903590184,-74.61363573730875
90429.3375750003,-25.910159045719777
90544.97611409877,22.875525400731178
90660.61465319723,71.37310602564024
90776.2531922957,119.14804053725378
90891.89173139418,165.762494247663
91007.53027049264,210.81756384498163
91123.16880959111,253.95631272464323
91238.80734868957,294.8711531236889
91354.44588778804,333.3202741429214
91470.08442688649,369.1000259885788
91585.72296598495,402.0634795913681
91701.36150508342,432.12561052494146
91817.0000441819,459.24352729742475
91932.63858328036,483.39127177273207
92048.27712237883,504.5563684272485
92163.9156614773,522.7678578066132
92279.55420057576,538.1048751699045
92395.19273967422,550.6888752002603
92510.83127877269,560.7024270529286
92626.46981787116,568.3748425593761
92742.10835696962,573.9676419034878
92857.7468960681,577.7784071020366
92973.38543516657,580.1212617550117
93089.02397426503,581.3012672223593
93204.66251336348,581.5995121067497
93320.30105246195,581.2700245903657
93435.93959156041,580.5469857841268
93551.57813065888,579.6354381483796
93667.21666975734,578.6799159501934
93782.85520885582,577.7675076464433
93898.49374795429,576.9293783640661
94014.13228705275,576.1510979625675
94129.77082615122,575.3893706364536
94245.40936524968,574.5759160031505
94361.04790434815,573.6158476156264
94476.68644344661,572.4159295335616
94592.32498254508,570.9132506601039
94707.96352164354,569.1537993005318
94823.60206074202,567.2782872344281
94939.24059984047,565.4851945983255
95054.87913893894,564.0784544482981
95170.5176780374,563.4257146210213
95286.15621713587,563.9412775668022
95401.79475623433,566.1242354680927
95517.4332953328,570.5261223512618
95633.07183443126,577.7068172388493
95748.71037352974,588.2142990467514
95864.34891262821,602.5663629623491
95979.98745172667,621.2913723044791
96095.62599082514,644.8765607195841
96211.2645299236,673.5892653507723
96326.90306902207,707.5565569108938
96442.54160812053,746.7898592864863
96558.180147219,790.9508615079624
96673.81868631745,839.4608780537241
96789.45722541593,891.5786769171119
96905.0957645144,946.4093613838994
97020.73430361286,1002.916891082268
97136.37284271132,1059.936448260744
97252.01138180979,1116.43572126034
97367.64992090825,1171.4819330764942
97483.28846000672,1224.1167809826745
97598.92699910518,1273.5324139754414
97714.56553820366,1319.130347269096
97830.20407730213,1360.4852938807335
97945.8426164006,1397.2642339096044
98061.48115549906,1429.241057077253
98177.11969459752,1456.4435247504682
98292.75823369599,1479.0293829838752
98408.39677279444,1497.2575266855265
98524.0353118929,1511.6036634700154
98639.67385099137,1522.6637860618155
98755.31239008985,1531.0711410087536
98870.95092918832,1537.4944255449657
98986.58946828678,1542.619340975129
99102.22800738525,1547.1243743791424
99217.86654648371,1551.6348351382235
99333.50508558218,1556.5731894086157
99449.14362468064,1562.1996998378625
99564.7821637791,1568.6809138874373
99680.42070287759,1575.8296873325255
99796.05924197605,1583.3551669626838
99911.69778107452,1590.8537028825283
100027.33632017298,1597.6661165758912
100142.97485927143,1603.0765132980653
100258.6133983699,1606.5150993360232
100374.25193746836,1607.513680090279
100489.89047656683,1605.623382618452
100605.52901566529,1600.8508397134483
100721.16755476377,1593.3244583794287
100836.80609386224,1583.2500305313035
100952.4446329607,1571.0873666037255
101068.08317205917,1557.3615339147507
101183.72171115763,1542.4557864418725
101299.3602502561,1526.6939943380264
101414.99878935456,1510.441902154426
101530.63732845303,1493.8167396821466
101646.27586755149,1476.8962748934937
101761.91440664997,1459.7417790955499
101877.55294574842,1442.291481573747
101993.19148484689,1424.478006122675
102108.83002394535,1406.27448851039
102224.46856304382,1387.664090787263
102340.10710214228,1368.5911692715808
102455.74564124075,1349.0064487076436
102571.38418033921,1328.8477043432429
102687.0227194377,1308.0456706880775
102802.66125853616,1286.5595535617638
102918.29979763462,1264.346226005103
103033.93833673309,1241.3377371138147
103149.57687583155,1217.4434214813818
103265.21541493002,1192.576661962874
103380.85395402848,1166.669733428449
103496.49249312695,1139.6726735401605
103612.13103222541,1111.5503745640528
103727.76957132388,1082.2820819871495
103843.40811042234,1051.8605103570649
103959.04664952081,1020.3481632751368
104074.68518861927,987.8886192903889
104190.32372771774,954.6877885211957
104305.9622668162,921.0040846525243
104421.60080591467,887.1400544328365
104537.23934501313,853.4173429817453
104652.87788411161,820.1442287081167
104768.51642321008,787.6167059233723
104884.15496230854,756.0641385130958
104999.79350140701,725.634553176905
105115.43204050548,696.4319920641641
105231.07057960394,668.4871128835932
105346.7091187024,641.7750675025926
105462.34765780086,616.2430359541877
105577.98619689934,591.8031443607263
105693.6247359978,568.3596714339765
105809.26327509627,545.8035783508336
105924.90181419473,523.9996095473065
106040.5403532932,502.7790537186659
106156.17889239166,481.88212167956004
106271.81743149013,460.98995030341376
106387.45597058859,439.7099089322642
106503.09450968706,417.49650986533044
106618.73304878554,393.75648718030783
106734.371587884,367.85617529026547
106850.01012698247,339.1560031746347
106965.64866608093,307.099796652084
107081.2872051794,271.5168553687708
107196.92574427785,232.47187986870597
107312.56428337631,190.33242171677998
107428.20282247478,146.09149648920507
107543.84136157326,100.88544391117765
107659.47990067172,55.98347637510859
107775.11843977019,12.744783557242293
107890.75697886865,-27.578403182146754
108006.39551796712,-64.35975312650699
108122.03405706558,-97.3046691439258
108237.67259616405,-126.42007754990098
108353.31113526251,-152.37050709996066
108468.94967436098,-175.94141445324885
108584.58821345946,-197.87654117594712
108700.22675255792,-218.8506968757921
108815.86529165639,-239.48745117400273
108931.50383075484,-259.9575501278571
109047.1423698533,-280.2373841012587
109162.78090895177,-300.25196946308444
109278.41944805023,-319.6839260194061
109394.0579871487,-338.22384710568303
109509.69652624718,-355.652864514381
109625.33506534564,-371.8385931005313
109740.97360444411,-386.7074354834643
109856.61214354257,-400.3502963728253
109972.25068264104,-412.91599074345123
110087.8892217395,-424.5552123706433
110203.52776083797,-435.4760639608349
110319.16629993643,-445.8537073185109
110434.8048390349,-455.8157263285397
110550.44337813338,-465.4475918846157
110666.08191723183,-474.7800297321652
110781.7204563303,-483.76277396796934
110897.35899542876,-492.3058866712152
111012.99753452723,-500.2936902732611
111128.63607362569,-507.5722365600109
111244.27461272416,-513.9988044325476
111359.91315182262,-519.4560083924912
111475.5516909211,-523.8545856075589
111591.19023001957,-527.1483203673431
111706.82876911803,-529.3535973200745
111822.4673082165,-530.5325896000041
111938.10584731496,-530.8011096848497
112053.74438641343,-530.3700568663553
112169.38292551189,-529.4644859395553
112285.02146461036,-528.3122238073453
112400.66000370882,-527.1559958292431
112516.29854280729,-526.2329337301979
112631.93708190575,-525.7983083426291
112747.57562100422,-526.081488050258
112863.21416010268,-527.2921520964845
112978.85269920115,-529.6642602250156
113094.49123829961,-533.407769803146
113210.12977739808,-538.700957362892
113325.76831649654,-545.7390057856776
113441.40685559502,-554.7049156976383
113557.04539469349,-565.6883703636782
113672.68393379195,-578.6000084257355
113788.32247289042,-593.2563927914355
113903.96101198888,-609.3863225190338
114019.59955108735,-626.4939051707562
114135.2380901858,-643.9487311421926
114250.87662928426,-661.1247891362976
114366.51516838274,-677.3214799168196
114482.15370748121,-691.6925485935706
114597.79224657967,-703.339128839129
114713.43078567814,-711.5954593450023
114829.0693247766,-716.6333097159098
114944.70786387507,-718.90358667903
115060.34640297353,-717.685045653202
115175.984942072,-710.264295873472
115291.62348117046,-694.3277182507697
115407.26202026894,-676.2054017467004
115522.90055936741,-668.4238641737538
